Subject,cluster_label
P01,Cluster 1
P02,Cluster 3
P04,Cluster 1
P07,Cluster 4
P08,Cluster 4
P09,Cluster 3
P11,Cluster 1
P12,Cluster 1
P13,Cluster 3
P14,Cluster 3
P15,Cluster 4
P17,Cluster 4
P18,Cluster 4
P20,Cluster 1
P21,Cluster 4
P22,Cluster 3
P23,Cluster 2
P24,Cluster 3
P27,Cluster 1
P28,Cluster 4
P29,Cluster 1
P30,Cluster 4
P32,Cluster 3
P33,Cluster 1
P34,Cluster 1
P35,Cluster 1
P36,Cluster 1
P37,Cluster 2
P38,Cluster 2
P39,Cluster 4
P40,Cluster 3
P41,Cluster 4
P42,Cluster 3
P44,Cluster 4
P45,Cluster 1
P46,Cluster 3
P47,Cluster 3
P48,Cluster 4
P49,Cluster 1
P50,Cluster 3
P51,Cluster 3
P53,Cluster 4
P56,Cluster 4
P57,Cluster 3
P59,Cluster 1
P60,Cluster 4
P61,Cluster 1
P62,Cluster 1
P63,Cluster 3
P64,Cluster 1
P66,Cluster 1
P68,Cluster 2
P69,Cluster 1
P70,Cluster 1
P71,Cluster 3
P72,Cluster 3
P76,Cluster 3
P78,Cluster 3
P80,Cluster 4
P81,Cluster 1
